{
	"schemaVersion": 1,
	"id": "death-client",
	"version": "${version}",
	"name": "Death-Client",
	"description": "This is an example description! Tell everyone what your mod is about!",
	"authors": [
		"Me!"
	],
	"contact": {
		"homepage": "https://fabricmc.net/",
		"sources": "https://github.com/FabricMC/fabric-example-mod"
	},
	"license": "CC0-1.0",
	"icon": "assets/death-client/icon.png",
	"environment": "*",
	"entrypoints": {
		"main": [
			"death.client.DeathClient"
		],
		"client": [
			"death.client.DeathClientClient"
		]
	},
	"mixins": [
		"death-client.mixins.json",
		{
			"config": "death-client.client.mixins.json",
			"environment": "client"
		}
	],
	"depends": {
		"fabricloader": ">=0.17.2",
		"minecraft": "~1.21.5",
		"java": ">=21",
		"fabric-api": "*"
	},
	"suggests": {
		"another-mod": "*"
	}
}